{
  "name": "hivemind-v0.4",
  "version": "v0.4",
  "n_features": 8,
  "feature_names": [
    "bias_type",
    "energy_health",
    "adoption_rate",
    "consensus_delta",
    "volatility",
    "struggling",
    "avg_recent",
    "bias_magnitude"
  ],
  "weights": [
    0.029845845778442938,
    -1.3448775853213737,
    -0.971539834481918,
    -0.06109621574154317,
    -0.16485754242475967,
    0.0,
    -0.6093402586289514,
    -0.1674116961774694
  ],
  "bias": -1.149575067881758,
  "trained_epochs": 16600,
  "final_loss": 4.298404981794266e-05,
  "distill_count": 83,
  "n_training_samples": 8000
}